Workbook

Sheet SKLAD
A1: Na skladě připraveno pro výrobu
A2: Komponenty | C2: Na skladě | D2: Cena/ks | E2: Cena celkem | F2: Potřeba na 1 výr. | H2: Lze vyrobit ks
A3: Brown Switche | C3: 30 | D3: ='DASHCLUSTER classic V1'!I34 -> 5.7926667 | E3: =C3*D3 -> 173.78 | F3: 12 | H3: {=MIN(IF(F3:F33>0,INT(C3:C33/F3:F33)))} -> 1
A4: LED pásek (pro jednotlivé LED) | C4: 144 | D4: ='DASHCLUSTER classic V1'!I35 -> 0.914375 | E4: =C4*D4 -> 131.67 | F4: 12 | H4: Hodnota skladu
A5: Raspberry Pi Pico klon 16MB, USB-C | C5: 1 | D5: ='DASHCLUSTER classic V1'!I36 -> 40.22 | E5: =C5*D5 -> 40.22 | F5: 1 | H5: =SUM(E3:E33) -> 1158.3562
A6: PCB (počítat s velkovýrobní cenou) | C6: 5 | D6: ='DASHCLUSTER classic V1'!I37 -> 71.09 | E6: =C6*D6 -> 355.45 | F6: 1 | H6: Potřeba dokoupit ks
A7: Datový kabel USB-C | C7: 2 | D7: ='DASHCLUSTER classic V1'!I38 -> 28.576 | E7: =C7*D7 -> 57.152 | F7: 1 | H7: {=SUM(IF(F3:F33>C3:C33, F3:F33-C3:C33, 0))} -> 0
A8: Dupont kabely samec-samice | C8: 10 | D8: ='DASHCLUSTER classic V1'!I39 -> 0.36175 | E8: =C8*D8 -> 3.6175 | F8: 5 | H8: Na hranici
A9: Šrouby M2x10mm | C9: 0 | D9: ='DASHCLUSTER classic V1'!I40 -> 0.2706 | E9: =C9*D9 -> 0 | F9: 0 | H9: {=SUM(IF((C3:C33-F3:F33<=2)*(C3:C33-F3:F33>=0)*(F3:F33>0), 1, 0))} -> 2
A10: Matice M2 | C10: 0 | D10: ='DASHCLUSTER classic V1'!I41 -> 0.2295 | E10: =C10*D10 -> 0 | F10: 0
A11: Distanční sloupky M2, různé velikosti | C11: 0 | D11: ='DASHCLUSTER classic V1'!I42 -> 0.84175 | E11: =C11*D11 -> 0 | F11: 0
A12: Resin černý standart Anycubic (Water-Washable) | C12: 500 | D12: ='DASHCLUSTER classic V1'!I43 -> 0.40775333 | E12: =C12*D12 -> 203.87667 | F12: 250
A13: 3 pozicový spínač zapalování | C13: 0 | D13: ='DASHCLUSTER classic V1'!I44 -> 89.62 | E13: =C13*D13 -> 0 | F13: 0
A14: Expander GPIO pinů | C14: 0 | D14: ='DASHCLUSTER classic V1'!I45 -> 0 | E14: =C14*D14 -> 0 | F14: 0
A15: Uzavíratelné sáčky | C15: 0 | D15: ='DASHCLUSTER classic V1'!I46 -> 0.15131 | E15: =C15*D15 -> 0 | F15: 0
A16: Krabice 300x250x150mm | C16: 0 | D16: ='DASHCLUSTER classic V1'!I47 -> 15.955 | E16: =C16*D16 -> 0 | F16: 0
A17: Etiketa - samolepící papír do tiskárny | C17: 0 | D17: ='DASHCLUSTER classic V1'!I48 -> 1.19 | E17: =C17*D17 -> 0 | F17: 0
A18: Flashdisk 4GB - návod atd. | C18: 0 | D18: ='DASHCLUSTER classic V1'!I49 -> 34.32 | E18: =C18*D18 -> 0 | F18: 0
A19: Rezistory 330R 0.25W | C19: 20 | D19: ='DASHCLUSTER classic V1'!I50 -> 3.9765 | E19: =C19*D19 -> 79.53 | F19: 1
A20: Keramický kondenzátor | C20: 100 | D20: ='DASHCLUSTER classic V1'!I51 -> 0.4334 | E20: =C20*D20 -> 43.34 | F20: 12
A21: Elektrolytický kondenzátor | C21: 20 | D21: ='DASHCLUSTER classic V1'!I52 -> 3.486 | E21: =C21*D21 -> 69.72 | F21: 1

Sheet DASHCLUSTER classic V1
A1: Výpočet nákladů, prodejů a zisků | G1: Dnes je | H1: =TODAY() -> 46157 | J1: Zadej a změň
A2: Kolik (ks) jakých materiálů/komponent bylo potřeba? | G2: kusy/gramy | H2: cena | J2: Marže (v %) | L2: 1.7
A3: Brown Switche | G3: 12 | H3: =G3*I34 -> 69.512 | J3: Daň (v %) | L3: 0.15
A4: LED pásek (pro jednotlivé LED) | G4: 12 | H4: =G4*I35 -> 10.9725 | J4: Odečtení daní
A5: Raspberry Pi Pico klon 16MB, USB-C | G5: 1 | H5: =G5*I36 -> 40.22
A6: PCB (počítat s velkovýrobní cenou) | G6: 1 | H6: =G6*I37 -> 71.09
A7: Datový kabel USB-C | G7: 1 | H7: =G7*I38 -> 28.576
A8: Dupont kabely samec-samice | H8: =G8*I39 -> 0
A9: Šrouby M2x10mm | H9: =G9*I40 -> 0 | K9: Celkové náklady | M9: =SUM(H3:H30)*(1-L4) -> 368.55073
A10: Matice M2 | H10: =G10*I41 -> 0 | K10: Hrubý výdělek | M10: =M9*(1+L2) -> 995.08698
A11: Distanční sloupky M2, různé velikosti | H11: =G11*I42 -> 0 | K11: Výdělek bez nákladů | M11: =M13-M9 -> 630.44927
A12: Resin černý standart Anycubic (Water-Washable) | G12: 250 | H12: =G12*I43 -> 101.93833 | K12: Čistý výdělek | M12: =M11*(1-L3) -> 535.88188
A13: 3 pozicový spínač zapalování | H13: =G13*I44 -> 0 | K13: Prodejní cena | M13: =MIN(ROUNDUP((M10-49)/100,0)*100+49, ROUNDUP((M10-99)/100,0)*100+99) -> 999
A14: Expander GPIO pinů | H14: =G14*I45 -> 0
A15: Uzavíratelné sáčky | H15: =G15*I46 -> 0
A16: Krabice 300x250x150mm | H16: =G16*I47 -> 0
A17: Etiketa - samolepící papír do tiskárny | H17: =G17*I48 -> 0
A18: Flashdisk 4GB - návod atd. | H18: =G18*I49 -> 0
A19: Rezistory | G19: 1 | H19: =G19*I50 -> 3.9765
A20: Keramický kondenzátor | G20: 1 | H20: =G20*I51 -> 0.4334
A21: Elektrolytický kondenzátor | G21: 12 | H21: =G21*I52 -> 41.832
H22: =G22*I53 -> 0
H23: =G23*I54 -> 0
H24: =G24*I55 -> 0
H25: =G25*I56 -> 0
H26: =G26*I57 -> 0
H27: =G27*I58 -> 0
H28: =G28*I59 -> 0
H29: =G29*I60 -> 0
H30: =G30*I61 -> 0
A33: Materiál/komponenta nutné k výrobě jednoho kusu | G33: cena | H33: ks v balení | I33: cena 1ks | L33: Materiál/komponenta použitelné opakovaně | R33: cena 1ks | S33: potřeba dokoupit kusů | T33: celková cena
A34: Brown Switche | G34: 173.78 | H34: 30 | I34: =IF(H34=0,0,G34/H34) -> 5.7926667 | L34: Cín na pájení | R34: 29 | S34: 10 | T34: =R34*S34 -> 290
A35: LED pásek (pro jednotlivé LED) | G35: 131.67 | H35: 144 | I35: =IF(H35=0,0,G35/H35) -> 0.914375 | L35: Kalafuna | R35: 31 | S35: 2 | T35: =R35*S35 -> 62
A36: Raspberry Pi Pico klon 16MB, USB-C | G36: 40.22 | H36: 1 | I36: =IF(H36=0,0,G36/H36) -> 40.22 | L36: PCB testovacích desek (5 je minimum výrobce) | R36: 69 | S36: 5 | T36: =R36*S36 -> 345
A37: PCB (počítat s velkovýrobní cenou) | G37: 355.45 | H37: 5 | I37: =IF(H37=0,0,G37/H37) -> 71.09 | T37: =R37*S37 -> 0
A38: Datový kabel USB-C | G38: 285.76 | H38: 10 | I38: =IF(H38=0,0,G38/H38) -> 28.576 | T38: =R38*S38 -> 0
A39: Dupont kabely samec-samice | G39: 14.47 | H39: 40 | I39: =IF(H39=0,0,G39/H39) -> 0.36175 | T39: =R39*S39 -> 0
A40: Šrouby M2x10mm | G40: 27.06 | H40: 100 | I40: =IF(H40=0,0,G40/H40) -> 0.2706 | T40: =R40*S40 -> 0
A41: Matice M2 | G41: 22.95 | H41: 100 | I41: =IF(H41=0,0,G41/H41) -> 0.2295 | T41: =R41*S41 -> 0
A42: Distanční sloupky M2, různé velikosti | G42: 101.01 | H42: 120 | I42: =IF(H42=0,0,G42/H42) -> 0.84175 | T42: =R42*S42 -> 0
A43: Resin černý standart Anycubic (Water-Washable) | G43: 1223.26 | H43: 3000 | I43: =IF(H43=0,0,G43/H43) -> 0.40775333 | J43: <= v gramech | T43: =R43*S43 -> 0
A44: 3 pozicový spínač zapalování | G44: 89.62 | H44: 1 | I44: =IF(H44=0,0,G44/H44) -> 89.62 | T44: =R44*S44 -> 0
A45: Expander GPIO pinů | G45: 26.71 | H45: 0 | I45: =IF(H45=0,0,G45/H45) -> 0 | T45: =R45*S45 -> 0
A46: Uzavíratelné sáčky | G46: 151.31 | H46: 1000 | I46: =IF(H46=0,0,G46/H46) -> 0.15131 | T46: =R46*S46 -> 0
A47: Krabice 300x250x150mm | G47: 319.1 | H47: 20 | I47: =IF(H47=0,0,G47/H47) -> 15.955 | T47: =R47*S47 -> 0
A48: Etiketa - samolepící papír do tiskárny | G48: 119 | H48: 100 | I48: =IF(H48=0,0,G48/H48) -> 1.19 | T48: =R48*S48 -> 0
A49: Flashdisk 4GB - návod atd. | G49: 34.32 | H49: 1 | I49: =IF(H49=0,0,G49/H49) -> 34.32 | T49: =R49*S49 -> 0
A50: Rezistory 330R 0,25W | G50: 79.53 | H50: 20 | I50: =IF(H50=0,0,G50/H50) -> 3.9765 | T50: =R50*S50 -> 0
A51: Keramický kondenzátor | G51: 43.34 | H51: 100 | I51: =IF(H51=0,0,G51/H51) -> 0.4334 | T51: =R51*S51 -> 0
A52: Elektrolytický kondenzátor | G52: 69.72 | H52: 20 | I52: =IF(H52=0,0,G52/H52) -> 3.486 | T52: =R52*S52 -> 0
I53: =IF(H53=0,0,G53/H53) -> 0 | T53: =R53*S53 -> 0
I54: =IF(H54=0,0,G54/H54) -> 0 | T54: =R54*S54 -> 0
I55: =IF(H55=0,0,G55/H55) -> 0 | T55: =R55*S55 -> 0
A56: Celkem | G56: =G34+G35+G36+G37+G38+G39+G40+G41+G42+G43+G44+G45+G46+G47+G48+G49+G50+G51+G52+G53+G54+G55 -> 3308.28 | H56: =H34+H35+H36+H37+H38+H39+H40+H41+H42+H43+H44+H45+H46+H47+H48+H49+H50+H51+H52+H53+H54+H55 -> 4812 | I56: =I34+I35+I36+I37+I38+I39+I40+I41+I42+I43+I44+I45+I46+I47+I48+I49+I50+I51+I52+I53+I54+I55 -> 297.83661 | L56: Celkem | R56: =R34+R35+R36+R37+R38+R39+R40+R41+R42+R43+R44+R45+R46+R47+R48+R49+R50+R51+R52+R53+R54+R55 -> 129 | S56: =S34+S35+S36+S37+S38+S39+S40+S41+S42+S43+S44+S45+S46+S47+S48+S49+S50+S51+S52+S53+S54+S55 -> 17 | T56: =T34+T36+T35+T37+T38+T39+T40+T41+T43+T42+T44+T45+T46+T47+T48+T49+T50+T51+T53+T52+T54+T55 -> 697
A59: Položka | G59: Kde koupit
A60: Brown Switche | G60: https://www.aliexpress.com/item/1005005550328893.html?spm=a2g0o.order_list.order_list_main.10.21ef1802AJAb2b
A61: LED pásek (pro jednotlivé LED) | G61: https://www.aliexpress.com/item/1005009321343937.html?spm=a2g0o.order_list.order_list_main.20.21ef1802AJAb2b
A62: Raspberry Pi Pico klon 16MB, USB-C | G62: https://www.aliexpress.com/item/1005006185766338.html?spm=a2g0o.productlist.main.1.2e26Q1PqQ1Pqy6&algo_pvid=7e7fca84-0947-49d5-b55d-abf2e054019e&algo_exp_id=7e7fca84-0947-49d5-b55d-abf2e054019e-0&pdp_ext_f=%7B%22order%22%3A%2253%22%2C%22spu_best_type%22%3A%22price%22%2C%22eval%22%3A%221%22%2C%22fromPage%22%3A%22search%22%7D&pdp_npi=6%40dis%21CZK%2163.95%2132.93%21%21%2121.47%2111.05%21%402103919917695937536564356e73d1%2112000036181496834%21sea%21CZ%210%21ABX%211%210%21n_tag%3A-29910%3Bd%3Aa7761a59%3Bm03_new_user%3A-29895%3BpisId%3A5000000197850290&curPageLogUid=EDeHZdAzWaxp&utparam-url=scene%3Asearch%7Cquery_from%3A%7Cx_object_id%3A1005006185766338%7C_p_origin_prod%3A#nav-specification
A63: PCB (počítat s velkovýrobní cenou) | G63: https://jlcpcb.com/
A64: Datový kabel USB-C | G64: https://www.aliexpress.com/item/1005008665765518.html?spm=a2g0o.productlist.main.38.70b8fdtxfdtx9g&algo_pvid=4d6829ef-d13b-4404-b878-91837bc81a90&algo_exp_id=4d6829ef-d13b-4404-b878-91837bc81a90-37&pdp_ext_f=%7B%22order%22%3A%223%22%2C%22eval%22%3A%221%22%2C%22fromPage%22%3A%22search%22%7D&pdp_npi=6%40dis%21CZK%21519.63%21285.76%21%21%2125.13%2113.82%21%402103864c17695944498377947eb6be%2112000046153012182%21sea%21CZ%210%21ABX%211%210%21n_tag%3A-29910%3Bd%3Aa7761a59%3Bm03_new_user%3A-29895&curPageLogUid=7j4yCNQTzY2o&utparam-url=scene%3Asearch%7Cquery_from%3A%7Cx_object_id%3A1005008665765518%7C_p_origin_prod%3A
A65: Dupont kabely samec-samice | G65: https://www.aliexpress.com/item/1005005708384626.html?spm=a2g0o.productlist.main.24.2437739fUODPJp&algo_pvid=acf44d1e-890c-40d9-a763-bceba40ade61&algo_exp_id=acf44d1e-890c-40d9-a763-bceba40ade61-24&pdp_ext_f=%7B%22order%22%3A%227%22%2C%22eval%22%3A%221%22%2C%22fromPage%22%3A%22search%22%7D&pdp_npi=6%40dis%21CZK%2115.30%2114.47%21%21%210.74%210.70%21%40211b813b17695947640564219e9a89%2112000034078378285%21sea%21CZ%210%21ABX%211%210%21n_tag%3A-29910%3Bd%3Aa7761a59%3Bm03_new_user%3A-29895&curPageLogUid=PiP7Wl6k3sCg&utparam-url=scene%3Asearch%7Cquery_from%3A%7Cx_object_id%3A1005005708384626%7C_p_origin_prod%3A#nav-review
A66: Šrouby M2x10mm | G66: https://www.aliexpress.com/item/1005008828481165.html?spm=a2g0o.productlist.main.31.459a147fy9g9cr&algo_pvid=2a6778c4-2d3d-40e4-86ae-992e4703980f&algo_exp_id=2a6778c4-2d3d-40e4-86ae-992e4703980f-30&pdp_ext_f=%7B%22order%22%3A%221865%22%2C%22spu_best_type%22%3A%22order%22%2C%22eval%22%3A%221%22%2C%22fromPage%22%3A%22search%22%7D&pdp_npi=6%40dis%21CZK%2160.25%2125.63%21%21%2120.23%218.60%21%4021038e6617696001399471221e81fc%2112000046850083836%21sea%21CZ%210%21ABX%211%210%21n_tag%3A-29910%3Bd%3Aa7761a59%3Bm03_new_user%3A-29895%3BpisId%3A5000000197850290&curPageLogUid=y4iimgSMjh1G&utparam-url=scene%3Asearch%7Cquery_from%3A%7Cx_object_id%3A1005008828481165%7C_p_origin_prod%3A
A67: Matice M2 | G67: https://www.aliexpress.com/item/33013135045.html?spm=a2g0o.productlist.main.11.269d30b2rWq3Bm&algo_pvid=984df6db-0cc9-48a5-8d02-2d174c63f344&algo_exp_id=984df6db-0cc9-48a5-8d02-2d174c63f344-10&pdp_ext_f=%7B%22order%22%3A%2215%22%2C%22eval%22%3A%221%22%2C%22fromPage%22%3A%22search%22%7D&pdp_npi=6%40dis%21CZK%2124.19%2122.95%21%21%211.17%211.11%21%4021039a5b17696003879974133e82b4%2167163624141%21sea%21CZ%210%21ABX%211%210%21n_tag%3A-29910%3Bd%3Aa7761a59%3Bm03_new_user%3A-29895&curPageLogUid=u8l4lrzx1Wlj&utparam-url=scene%3Asearch%7Cquery_from%3A%7Cx_object_id%3A33013135045%7C_p_origin_prod%3A
A68: Distanční sloupky M2, různé velikosti | G68: https://www.aliexpress.com/item/1005006273770955.html?spm=a2g0o.productlist.main.7.82d82969vbU3c4&algo_pvid=7c7c301e-c151-488d-b6e8-6018537819a1&algo_exp_id=7c7c301e-c151-488d-b6e8-6018537819a1-6&pdp_ext_f=%7B%22order%22%3A%22197%22%2C%22eval%22%3A%221%22%2C%22fromPage%22%3A%22search%22%7D&pdp_npi=6%40dis%21CZK%21132.03%21101.01%21%21%2144.33%2133.91%21%40210384b917696004642094923e13f4%2112000036562465112%21sea%21CZ%210%21ABX%211%210%21n_tag%3A-29910%3Bd%3Aa7761a59%3Bm03_new_user%3A-29895%3BpisId%3A5000000197850290&curPageLogUid=gr9qYfyRVKNO&utparam-url=scene%3Asearch%7Cquery_from%3A%7Cx_object_id%3A1005006273770955%7C_p_origin_prod%3A
A69: Resin černý standart Anycubic (Water-Washable) | G69: https://www.aliexpress.com/item/1005008112811521.html?spm=a2g0o.productlist.main.7.10cb5ulN5ulN5u&algo_pvid=081eace6-6a49-46d2-bf28-6319c30dd6c6&algo_exp_id=081eace6-6a49-46d2-bf28-6319c30dd6c6-6&pdp_ext_f=%7B%22order%22%3A%22244%22%2C%22spu_best_type%22%3A%22order%22%2C%22eval%22%3A%221%22%2C%22fromPage%22%3A%22search%22%7D&pdp_npi=6%40dis%21CZK%213968.33%211220.98%21%21%211332.37%21409.95%21%402103868817696008024145097e8aca%2112000043913154633%21sea%21CZ%210%21ABX%211%210%21n_tag%3A-29910%3Bd%3Aa7761a59%3Bm03_new_user%3A-29895%3BpisId%3A5000000200301737&curPageLogUid=hPUdJsAwTCap&utparam-url=scene%3Asearch%7Cquery_from%3A%7Cx_object_id%3A1005008112811521%7C_p_origin_prod%3A
A70: 3 pozicový spínač zapalování | G70: https://www.aliexpress.com/item/1005007815269811.html?spm=a2g0o.productlist.main.10.57b9RBezRBezaJ&algo_pvid=4a6436c0-63f7-406b-9190-7fe704b88d38&algo_exp_id=4a6436c0-63f7-406b-9190-7fe704b88d38-9&pdp_ext_f=%7B%22order%22%3A%2243%22%2C%22spu_best_type%22%3A%22price%22%2C%22eval%22%3A%221%22%2C%22fromPage%22%3A%22search%22%7D&pdp_npi=6%40dis%21CZK%21285.57%2189.62%21%21%2195.88%2130.09%21%402103890117696011501138478ed93d%2112000042305106184%21sea%21CZ%210%21ABX%211%210%21n_tag%3A-29910%3Bd%3Aa7761a59%3Bm03_new_user%3A-29895%3BpisId%3A5000000197850256&curPageLogUid=JRsfSUwIynfd&utparam-url=scene%3Asearch%7Cquery_from%3A%7Cx_object_id%3A1005007815269811%7C_p_origin_prod%3A
... A78: Elektrolytický kondenzátor | G78: https://www.aliexpress.com/item/1005010602220172.html?spm=a2g0o.order_list.order_list_main.5.21ef1802AJAb2b

Sheet DASHCLUSTER premium V1
A1: Výpočet nákladů, prodejů a zisků | G1: Dnes je | H1: =TODAY() -> 46157 | J1: Zadej a změň
A2: Kolik (ks) jakých materiálů/komponent bylo potřeba? | G2: kusy/gramy | H2: cena | J2: Marže (v %) | L2: 0.5
A3: Brown Switche | G3: 20 | H3: =G3*I34 -> 181.63636 | J3: Daň (v %) | L3: 0.15
A4: LED pásek (pro jednotlivé LED) | G4: 20 | H4: =G4*I35 -> 45.555556
A5: Raspberry Pi Pico klon 16MB, USB-C | G5: 1 | H5: =G5*I36 -> 91
A6: PCB (počítat s velkovýrobní cenou) | G6: 1 | H6: =G6*I37 -> 23.81
A7: Datový kabel USB-C | G7: 1 | H7: =G7*I38 -> 28
A8: Dupont kabely samec-samice | G8: 20 | H8: =G8*I39 -> 17.5
A9: Šrouby M2x10mm | H9: =G9*I40 -> 0 | K9: Celkové náklady | M9: =H3+H4+H5+H6+H7+H8+H9+H10+H11+H12+H13+H14+H15+H16+H17+H18+H19+H20+H21+H22+H23+H24+H25+H26+H27+H28+H29+H30 -> 853.33692
A10: Matice M2 | H10: =G10*I41 -> 0 | K10: Hrubý výdělek | M10: =M9*(1+L2) -> 1280.0054
A11: Distanční sloupky M2, různé velikosti | H11: =G11*I42 -> 0 | K11: Výdělek bez nákladů | M11: =M13-M9 -> 445.66308
A12: Resin High-Clear Anycubic | G12: 250 | H12: =G12*I43 -> 163.75 | K12: Čistý výdělek | M12: =M11*(1-L3) -> 378.81362
A13: 3 pozicový spínač zapalování | G13: 1 | H13: =G13*I44 -> 139 | K13: Prodejní cena | M13: =MIN(ROUNDUP((M10-49)/100,0)*100+49, ROUNDUP((M10-99)/100,0)*100+99) -> 1299
A14: Expander GPIO pinů | H14: =G14*I45 -> 0
A15: Uzavíratelné sáčky | H15: =G15*I46 -> 0
A16: Krabice 300x250x150mm | G16: 1 | H16: =G16*I47 -> 7.65
A17: Etiketa - samolepící papír do tiskárny | G17: 1 | H17: =G17*I48 -> 1.19
A18: Flashdisk 4GB - návod atd. | G18: 1 | H18: =G18*I49 -> 73
A19: Rezistory | G19: 1 | H19: =G19*I50 -> 0.395
A20: Keramický kondenzátor | G20: 1 | H20: =G20*I51 -> 0.85
A21: Elektrolytický kondenzátor | G21: 20 | H21: =G21*I52 -> 80
H22: =G22*I53 -> 0
H23: =G23*I54 -> 0
H24: =G24*I55 -> 0
H25: =G25*I56 -> 0
H26: =G26*I57 -> 0
H27: =G27*I58 -> 0
H28: =G28*I59 -> 0
H29: =G29*I60 -> 0
H30: =G30*I61 -> 0
A33: Materiál/komponenta nutné k výrobě jednoho kusu | G33: cena | H33: ks v balení | I33: cena 1ks | L33: Materiál/komponenta použitelné opakovaně | R33: cena 1ks | S33: potřeba dokoupit kusů | T33: celková cena
A34: Brown Switche | G34: 999 | H34: 110 | I34: =IF(H34=0,0,G34/H34) -> 9.0818182 | L34: Cín na pájení | R34: 29 | S34: 10 | T34: =R34*S34 -> 290
A35: LED pásek (pro jednotlivé LED) | G35: 328 | H35: 144 | I35: =IF(H35=0,0,G35/H35) -> 2.2777778 | L35: Kalafuna | R35: 31 | S35: 2 | T35: =R35*S35 -> 62
A36: Raspberry Pi Pico klon 16MB, USB-C | G36: 91 | H36: 1 | I36: =IF(H36=0,0,G36/H36) -> 91 | L36: PCB testovacích desek (5 je minimum výrobce) | R36: 69 | S36: 5 | T36: =R36*S36 -> 345
A37: PCB (počítat s velkovýrobní cenou) | G37: 2381 | H37: 100 | I37: =IF(H37=0,0,G37/H37) -> 23.81 | T37: =R37*S37 -> 0
A38: Datový kabel USB-C | G38: 28 | H38: 1 | I38: =IF(H38=0,0,G38/H38) -> 28 | T38: =R38*S38 -> 0
A39: Dupont kabely samec-samice | G39: 35 | H39: 40 | I39: =IF(H39=0,0,G39/H39) -> 0.875 | T39: =R39*S39 -> 0
A40: Šrouby M2x10mm | G40: 235 | H40: 500 | I40: =IF(H40=0,0,G40/H40) -> 0.47 | T40: =R40*S40 -> 0
A41: Matice M2 | G41: 353 | H41: 1500 | I41: =IF(H41=0,0,G41/H41) -> 0.23533333 | T41: =R41*S41 -> 0
A42: Distanční sloupky M2, různé velikosti | G42: 164 | H42: 320 | I42: =IF(H42=0,0,G42/H42) -> 0.5125 | T42: =R42*S42 -> 0
A43: Resin High-Clear Anycubic | G43: 655 | H43: 1000 | I43: =IF(H43=0,0,G43/H43) -> 0.655 | J43: <= v gramech | T43: =R43*S43 -> 0
A44: 3 pozicový spínač zapalování | G44: 139 | H44: 1 | I44: =IF(H44=0,0,G44/H44) -> 139 | T44: =R44*S44 -> 0
A45: Expander GPIO pinů | G45: 47 | H45: 1 | I45: =IF(H45=0,0,G45/H45) -> 47 | T45: =R45*S45 -> 0
A46: Uzavíratelné sáčky | G46: 16 | H46: 100 | I46: =IF(H46=0,0,G46/H46) -> 0.16 | T46: =R46*S46 -> 0
A47: Krabice 300x250x150mm | G47: 153 | H47: 20 | I47: =IF(H47=0,0,G47/H47) -> 7.65 | T47: =R47*S47 -> 0
A48: Etiketa - samolepící papír do tiskárny | G48: 119 | H48: 100 | I48: =IF(H48=0,0,G48/H48) -> 1.19 | T48: =R48*S48 -> 0
A49: Flashdisk 4GB - návod atd. | G49: 73 | H49: 1 | I49: =IF(H49=0,0,G49/H49) -> 73 | T49: =R49*S49 -> 0
A50: Rezistory různé odpory | G50: 237 | H50: 600 | I50: =IF(H50=0,0,G50/H50) -> 0.395 | T50: =R50*S50 -> 0
A51: Keramický kondenzátor | G51: 17 | H51: 20 | I51: =IF(H51=0,0,G51/H51) -> 0.85 | T51: =R51*S51 -> 0
A52: Elektrolytický kondenzátor | G52: 16 | H52: 4 | I52: =IF(H52=0,0,G52/H52) -> 4 | T52: =R52*S52 -> 0
I53: =IF(H53=0,0,G53/H53) -> 0 | T53: =R53*S53 -> 0
I54: =IF(H54=0,0,G54/H54) -> 0 | T54: =R54*S54 -> 0
I55: =IF(H55=0,0,G55/H55) -> 0 | T55: =R55*S55 -> 0
A56: Celkem | G56: =G34+G35+G36+G37+G38+G39+G40+G41+G42+G43+G44+G45+G46+G47+G48+G49+G50+G51+G52+G53+G54+G55 -> 6086 | H56: =H34+H35+H36+H37+H38+H39+H40+H41+H42+H43+H44+H45+H46+H47+H48+H49+H50+H51+H52+H53+H54+H55 -> 4563 | I56: =I34+I35+I36+I37+I38+I39+I40+I41+I42+I43+I44+I45+I46+I47+I48+I49+I50+I51+I52+I53+I54+I55 -> 430.16243 | L56: Celkem | R56: =R34+R35+R36+R37+R38+R39+R40+R41+R42+R43+R44+R45+R46+R47+R48+R49+R50+R51+R52+R53+R54+R55 -> 129 | S56: =S34+S35+S36+S37+S38+S39+S40+S41+S42+S43+S44+S45+S46+S47+S48+S49+S50+S51+S52+S53+S54+S55 -> 17 | T56: =T34+T36+T35+T37+T38+T39+T40+T41+T43+T42+T44+T45+T46+T47+T48+T49+T50+T51+T53+T52+T54+T55 -> 697
A59: Položka | G59: Kde koupit
A60: Brown Switche | G60: https://allegro.cz/produkt/mechanicka-klavesnice-spinace-gateron-brown-pro-3-0-predmazane-110-ks-1a03a194-59c6-4ab7-bef3-70fca2c897a8?offerId=14999298358&utm_feed=712e6653-4749-4512-b084-b6e297fc9e0b&utm_source=google&utm_medium=cpc&utm_campaign=CZ%3EElectro%3EComputers%3E3P%3EPLA&ev_adgr=Ad%20group%201&ev_campaign_id=22848223665&gad_source=1&gad_campaignid=22848223665&gbraid=0AAAAApZ4Y9TrmTxzg6MMZGhEdpwW566HL&gclid=CjwKCAiAj8LLBhAkEiwAJjbY784zh6GEzndhxq5QKpzX8sBm0vYArJz1veYanQpGR-LRBlIBNPRNLRoCJTwQAvD_BwE
A61: LED pásek (pro jednotlivé LED) | G61: https://allegro.cz/produkt/led-pasek-rgb-ws2812b-1m-144-led-m-dc3c2eac-3cc3-4824-8311-bd2b831665b2?offerId=18175233253
A62: Raspberry Pi Pico klon 16MB, USB-C | G62: https://allegro.cz/produkt/klon-raspberry-pi-pico-yd-rp2040-16mb-flash-usb-c-d5503e8e-5dc2-4e11-9717-2bbc3e3d3597?offerId=13528863155
A63: PCB (počítat s velkovýrobní cenou) | G63: https://www.eecart.com/bom/quote?f=PCB
A64: Datový kabel USB-C | G64: https://allegro.cz/produkt/kabel-interlook-usb-usb-3-1-typ-c-1-m-cerny-a2577bd0-b2a2-4526-8d83-5f76b9a739c6?offerId=17851988217
A65: Dupont kabely samec-samice | G65: https://allegro.cz/produkt/propojovaci-kabely-samec-samice-20cm-40ks-arduino-dupont-3027b2cd-9eda-4329-a544-413d626328f6?offerId=15247011954
A66: Šrouby M2x10mm | G66: https://allegro.cz/produkt/sroub-s-vnitrnim-sestihranem-din-912-m2x10-12-9-cz-pgw-500ks-57ac7d3c-914a-4cdb-af0c-7f86cc6a3e44?offerId=17444176805
A67: Matice M2 | G67: https://allegro.cz/produkt/sestihranne-matice-m2-a2-din-934-1500-ks-48c8c49e-f48a-4401-9ec5-fd7dff724994?offerId=14397397312
A68: Distanční sloupky M2, různé velikosti | G68: https://allegro.cz/produkt/320-ks-mosazne-distancni-sloupky-m2-typ-typ-prvku-zde-doplnte-konkretni-typ-fd489c30-2ac8-4b7a-8525-2d9a77b790bf?offerId=14362121772
A69: Resin High-Clear Anycubic | G69: https://allegro.cz/produkt/uv-pryskyrice-anycubic-water-washable-clear-1-kg-f9882644-07f3-47ec-83a0-7f8d33f6e1a2?offerId=14168569346&utm_feed=712e6653-4749-4512-b084-b6e297fc9e0b&utm_source=google&utm_medium=cpc&utm_campaign=CZ%3EElectro%3EComputers%3E3P%3EPLA&ev_adgr=Ad%20group%201&ev_campaign_id=22848223665&gad_source=1&gad_campaignid=22848223665&gbraid=0AAAAApZ4Y9T8t_uDEBM4fJCPVUpjRT_dI&gclid=Cj0KCQiA-NHLBhDSARIsAIhe9X3GIvpUyLb9B49Jltg0v37K9r2J4_E80NqC2qasr7GmzvTXO-puMD8aApHLEALw_wcB
A70: 3 pozicový spínač zapalování | G70: https://allegro.cz/produkt/spinac-zapalovani-3-polohy-on-off-start-quad-traktor-sekacka-f2aa7911-b173-413e-b567-5ea15c33551e?offerId=17748141881&utm_feed=712e6653-4749-4512-b084-b6e297fc9e0b&utm_source=google&utm_medium=cpc&utm_campaign=CZ%3EAuto%3EVehicle-Parts-Moto-Accessories%3E3P%3EPMAX&ev_campaign_id=20977861611&gad_source=1&gad_campaignid=20977873899&gbraid=0AAAAApZ4Y9RnPbB8s7FvCidAMubRJhKLK&gclid=CjwKCAiAybfLBhAjEiwAI0mBBkLY5FJhkTdtRjLOvIvBaaYFZn26Dbqju5H8z1E5McXuRuCfqRKn0RoC7b4QAvD_BwE
... A78: Elektrolytický kondenzátor | G78: https://allegro.cz/produkt/elektrolyticky-kondenzator-1000uf-25v-105c-4ks-5699ecd0-977e-42ba-95fb-d618521d9068?offerId=9147174135

Sheet Rok 2026
A1: Roční přehled | G1: Dnes je | H1: =TODAY() -> 46157 | J1: Přehled
A2: Duben | G2: Roční shrnutí | J2: DASHCLUSTER classic V1 | N2: DASHCLUSTER premium V1
A3: Den | B3: Jiné výdaje (Kč) | C3: Jiné příjmy (Kč) | D3: Prodeje (vyber) | E3: Prodáno kusů | F3: Výsledek za den | G3: Jiné výdaje | H3: =SUM(B4:B33)+SUM(B37:B67)+SUM(B71:B100)+SUM(B104:B134)+SUM(B138:B168)+SUM(B172:B201)+SUM(B205:B235)+SUM(B239:B268)+SUM(B272:B302) -> 0 | J3: Marže (v %) | L3: ='DASHCLUSTER classic V1'!L2 -> 1.7 | N3: Marže (v %) | P3: ='DASHCLUSTER premium V1'!L2 -> 0.5
A4: 1. dubna | D4: Bez prodejů | F4: =IF(D4="DASHCLUSTER classic V1",(E4*$L$8)-B4+C4,IF(D4="DASHCLUSTER premium V1",(E4*$P$8)-B4+C4,IF(D4="Bez prodejů",-B4+C4,""))) -> 0 | G4: Jiné příjmy | H4: =SUM(C4:C33)+SUM(C37:C67)+SUM(C71:C100)+SUM(C104:C134)+SUM(C138:C168)+SUM(C172:C201)+SUM(C205:C235)+SUM(C239:C268)+SUM(C272:C302) -> 0 | J4: Daň (v %) | L4: ='DASHCLUSTER classic V1'!L3 -> 0.15 | N4: Daň (v %) | P4: ='DASHCLUSTER premium V1'!L3 -> 0.15
A5: 2. dubna | D5: Bez prodejů | F5: =IF(D5="DASHCLUSTER classic V1",(E5*$L$8)-B5+C5,IF(D5="DASHCLUSTER premium V1",(E5*$P$8)-B5+C5,IF(D5="Bez prodejů",-B5+C5,""))) -> 0 | G5: Celkem kusů | H5: =SUM(E4:E33)+SUM(E37:E67)+SUM(E71:E100)+SUM(E104:E134)+SUM(E138:E168)+SUM(E172:E201)+SUM(E205:E235)+SUM(E239:E268)+SUM(E272:E302) -> 0 | J5: Celkové náklady | L5: ='DASHCLUSTER classic V1'!M9 -> 368.55073 | N5: Celkové náklady | P5: ='DASHCLUSTER premium V1'!M9 -> 853.33692
A6: 3. dubna | D6: Bez prodejů | F6: =IF(D6="DASHCLUSTER classic V1",(E6*$L$8)-B6+C6,IF(D6="DASHCLUSTER premium V1",(E6*$P$8)-B6+C6,IF(D6="Bez prodejů",-B6+C6,""))) -> 0 | G6: Celkově čisté | H6: {=SUM((F4:F33)+SUM(F37:F67)+SUM(F71:F100)+SUM(F104:F134)+SUM(F138:F168)+SUM(F172:F201)+SUM(F205:F235)+SUM(F239:F268)+SUM(F272:F302))*(1-L4)} -> 0 | J6: Hrubý výdělek | L6: ='DASHCLUSTER classic V1'!M10 -> 995.08698 | N6: Hrubý výdělek | P6: ='DASHCLUSTER premium V1'!M10 -> 1280.0054
A7: 4. dubna | D7: Bez prodejů | F7: =IF(D7="DASHCLUSTER classic V1",(E7*$L$8)-B7+C7,IF(D7="DASHCLUSTER premium V1",(E7*$P$8)-B7+C7,IF(D7="Bez prodejů",-B7+C7,""))) -> 0 | G7: Celkově /2 | H7: =H6/2 -> 0 | J7: Výdělek bez nákladů | L7: ='DASHCLUSTER classic V1'!M11 -> 630.44927 | N7: Výdělek bez nákladů | P7: ='DASHCLUSTER premium V1'!M11 -> 445.66308
A8: 5. dubna | D8: Bez prodejů | F8: =IF(D8="DASHCLUSTER classic V1",(E8*$L$8)-B8+C8,IF(D8="DASHCLUSTER premium V1",(E8*$P$8)-B8+C8,IF(D8="Bez prodejů",-B8+C8,""))) -> 0 | G8: Investice /2 | H8: =0-SUM(J13:J33)/2 -> -504.225 | J8: Čistý výdělek | L8: ='DASHCLUSTER classic V1'!M12 -> 535.88188 | N8: Čistý výdělek | P8: ='DASHCLUSTER premium V1'!M12 -> 378.81362
A9: 6. dubna | D9: Bez prodejů | F9: =IF(D9="DASHCLUSTER classic V1",(E9*$L$8)-B9+C9,IF(D9="DASHCLUSTER premium V1",(E9*$P$8)-B9+C9,IF(D9="Bez prodejů",-B9+C9,""))) -> 0 | G9: Investice | H9: =0-SUM(J13:J33) -> -1008.45 | J9: Prodejní cena | L9: ='DASHCLUSTER classic V1'!M13 -> 999 | N9: Prodejní cena | P9: ='DASHCLUSTER premium V1'!M13 -> 1299
A10: 7. dubna | D10: Bez prodejů | F10: =IF(D10="DASHCLUSTER classic V1",(E10*$L$8)-B10+C10,IF(D10="DASHCLUSTER premium V1",(E10*$P$8)-B10+C10,IF(D10="Bez prodejů",-B10+C10,""))) -> 0
A11: 8. dubna | D11: Bez prodejů | F11: =IF(D11="DASHCLUSTER classic V1",(E11*$L$8)-B11+C11,IF(D11="DASHCLUSTER premium V1",(E11*$P$8)-B11+C11,IF(D11="Bez prodejů",-B11+C11,""))) -> 0 | H11: Seznam nákupů surovin | O11: Zaplaceno
A12: 9. dubna | D12: Bez prodejů | F12: =IF(D12="DASHCLUSTER classic V1",(E12*$L$8)-B12+C12,IF(D12="DASHCLUSTER premium V1",(E12*$P$8)-B12+C12,IF(D12="Bez prodejů",-B12+C12,""))) -> 0 | H12: Položka | J12: Cena | K12: Datum | L12: Faktury | O12: Anty | Q12: Bartonis
A13: 10. dubna | D13: Bez prodejů | F13: =IF(D13="DASHCLUSTER classic V1",(E13*$L$8)-B13+C13,IF(D13="DASHCLUSTER premium V1",(E13*$P$8)-B13+C13,IF(D13="Bez prodejů",-B13+C13,""))) -> 0 | H13: PCB 5ks | J13: 362.45 | K13: 46049 | L13: https://d.docs.live.net/5bfe2883faedf2c4/Desktop/dash%20cluster/ucetnictvi/faktury%20prichozi/27012026_JLCpcb.pdf | O13: 1008.45 | P13: 46049 | Q13: 500 | R13: 46076
A14: 11. dubna | D14: Bez prodejů | F14: =IF(D14="DASHCLUSTER classic V1",(E14*$L$8)-B14+C14,IF(D14="DASHCLUSTER premium V1",(E14*$P$8)-B14+C14,IF(D14="Bez prodejů",-B14+C14,""))) -> 0 | H14: Mikropájka a lišta | J14: 168 | K14: 46062 | L14: https://d.docs.live.net/5bfe2883faedf2c4/Desktop/dash%20cluster/ucetnictvi/faktury%20prichozi/09022026_LaskaKit.pdf | O14: Vyrovnáno
A15: 12. dubna | D15: Bez prodejů | F15: =IF(D15="DASHCLUSTER classic V1",(E15*$L$8)-B15+C15,IF(D15="DASHCLUSTER premium V1",(E15*$P$8)-B15+C15,IF(D15="Bez prodejů",-B15+C15,""))) -> 0 | H15: Elektrolytický k. | J15: 69.72 | K15: 46067 | L15: https://d.docs.live.net/5bfe2883faedf2c4/Desktop/dash%20cluster/ucetnictvi/faktury%20prichozi/25v1000ufC_aliexpress.png
A16: 13. dubna | D16: Bez prodejů | F16: =IF(D16="DASHCLUSTER classic V1",(E16*$L$8)-B16+C16,IF(D16="DASHCLUSTER premium V1",(E16*$P$8)-B16+C16,IF(D16="Bez prodejů",-B16+C16,""))) -> 0 | H16: Black Switche | J16: 173.78 | K16: 46067 | L16: https://d.docs.live.net/5bfe2883faedf2c4/Desktop/dash%20cluster/ucetnictvi/faktury%20prichozi/blackswitch_aliexpress.png | O16: Čeká
A17: 14. dubna | D17: Bez prodejů | F17: =IF(D17="DASHCLUSTER classic V1",(E17*$L$8)-B17+C17,IF(D17="DASHCLUSTER premium V1",(E17*$P$8)-B17+C17,IF(D17="Bez prodejů",-B17+C17,""))) -> 0 | H17: Keramický k. | J17: 38.64 | K17: 46067 | L17: https://d.docs.live.net/5bfe2883faedf2c4/Desktop/dash%20cluster/ucetnictvi/faktury%20prichozi/50v100nfC_aliexpress.png
A18: 15. dubna | D18: Bez prodejů | F18: =IF(D18="DASHCLUSTER classic V1",(E18*$L$8)-B18+C18,IF(D18="DASHCLUSTER premium V1",(E18*$P$8)-B18+C18,IF(D18="Bez prodejů",-B18+C18,""))) -> 0 | H18: WS2812B | J18: 116.33 | K18: 46067 | L18: https://d.docs.live.net/5bfe2883faedf2c4/Desktop/dash%20cluster/ucetnictvi/faktury%20prichozi/ws2812b5vDC_aliexpress.png | O18: Čeká
A19: 16. dubna | D19: Bez prodejů | F19: =IF(D19="DASHCLUSTER classic V1",(E19*$L$8)-B19+C19,IF(D19="DASHCLUSTER premium V1",(E19*$P$8)-B19+C19,IF(D19="Bez prodejů",-B19+C19,""))) -> 0 | H19: Rezistory | J19: 79.53 | K19: 46067 | L19: https://d.docs.live.net/5bfe2883faedf2c4/Desktop/dash%20cluster/ucetnictvi/faktury%20prichozi/30values330R0.25W_aliexpress.png
A20: 17. dubna | D20: Bez prodejů | F20: =IF(D20="DASHCLUSTER classic V1",(E20*$L$8)-B20+C20,IF(D20="DASHCLUSTER premium V1",(E20*$P$8)-B20+C20,IF(D20="Bez prodejů",-B20+C20,""))) -> 0 | O20: Čeká
A21: 18. dubna | D21: Bez prodejů | F21: =IF(D21="DASHCLUSTER classic V1",(E21*$L$8)-B21+C21,IF(D21="DASHCLUSTER premium V1",(E21*$P$8)-B21+C21,IF(D21="Bez prodejů",-B21+C21,""))) -> 0
A22: 19. dubna | D22: Bez prodejů | F22: =IF(D22="DASHCLUSTER classic V1",(E22*$L$8)-B22+C22,IF(D22="DASHCLUSTER premium V1",(E22*$P$8)-B22+C22,IF(D22="Bez prodejů",-B22+C22,""))) -> 0 | O22: Čeká
A23: 20. dubna | D23: Bez prodejů | F23: =IF(D23="DASHCLUSTER classic V1",(E23*$L$8)-B23+C23,IF(D23="DASHCLUSTER premium V1",(E23*$P$8)-B23+C23,IF(D23="Bez prodejů",-B23+C23,""))) -> 0
A24: 21. dubna | D24: Bez prodejů | F24: =IF(D24="DASHCLUSTER classic V1",(E24*$L$8)-B24+C24,IF(D24="DASHCLUSTER premium V1",(E24*$P$8)-B24+C24,IF(D24="Bez prodejů",-B24+C24,""))) -> 0 | O24: Čeká
A25: 22. dubna | D25: Bez prodejů | F25: =IF(D25="DASHCLUSTER classic V1",(E25*$L$8)-B25+C25,IF(D25="DASHCLUSTER premium V1",(E25*$P$8)-B25+C25,IF(D25="Bez prodejů",-B25+C25,""))) -> 0
A26: 23. dubna | D26: Bez prodejů | F26: =IF(D26="DASHCLUSTER classic V1",(E26*$L$8)-B26+C26,IF(D26="DASHCLUSTER premium V1",(E26*$P$8)-B26+C26,IF(D26="Bez prodejů",-B26+C26,""))) -> 0 | O26: Čeká
A27: 24. dubna | D27: Bez prodejů | F27: =IF(D27="DASHCLUSTER classic V1",(E27*$L$8)-B27+C27,IF(D27="DASHCLUSTER premium V1",(E27*$P$8)-B27+C27,IF(D27="Bez prodejů",-B27+C27,""))) -> 0
A28: 25. dubna | D28: Bez prodejů | F28: =IF(D28="DASHCLUSTER classic V1",(E28*$L$8)-B28+C28,IF(D28="DASHCLUSTER premium V1",(E28*$P$8)-B28+C28,IF(D28="Bez prodejů",-B28+C28,""))) -> 0 | O28: Čeká
A29: 26. dubna | D29: Bez prodejů | F29: =IF(D29="DASHCLUSTER classic V1",(E29*$L$8)-B29+C29,IF(D29="DASHCLUSTER premium V1",(E29*$P$8)-B29+C29,IF(D29="Bez prodejů",-B29+C29,""))) -> 0
A30: 27. dubna | D30: Bez prodejů | F30: =IF(D30="DASHCLUSTER classic V1",(E30*$L$8)-B30+C30,IF(D30="DASHCLUSTER premium V1",(E30*$P$8)-B30+C30,IF(D30="Bez prodejů",-B30+C30,""))) -> 0 | O30: Čeká
A31: 28. dubna | D31: Bez prodejů | F31: =IF(D31="DASHCLUSTER classic V1",(E31*$L$8)-B31+C31,IF(D31="DASHCLUSTER premium V1",(E31*$P$8)-B31+C31,IF(D31="Bez prodejů",-B31+C31,""))) -> 0
A32: 29. dubna | D32: Bez prodejů | F32: =IF(D32="DASHCLUSTER classic V1",(E32*$L$8)-B32+C32,IF(D32="DASHCLUSTER premium V1",(E32*$P$8)-B32+C32,IF(D32="Bez prodejů",-B32+C32,""))) -> 0 | O32: Čeká
A33: 30. dubna | D33: Bez prodejů | F33: =IF(D33="DASHCLUSTER classic V1",(E33*$L$8)-B33+C33,IF(D33="DASHCLUSTER premium V1",(E33*$P$8)-B33+C33,IF(D33="Bez prodejů",-B33+C33,""))) -> 0
O34: Čeká
A35: Květen
A36: Den | B36: Jiné výdaje (Kč) | C36: Jiné příjmy (Kč) | D36: Prodeje (vyber) | E36: Prodáno kusů | F36: Výsledek za den
A37: 1. května | D37: Bez prodejů | F37: =IF(D37="DASHCLUSTER classic V1",(E37*$L$8)-B37+C37,IF(D37="DASHCLUSTER premium V1",(E37*$P$8)-B37+C37,IF(D37="Bez prodejů",-B37+C37,""))) -> 0
A38: 2. května | D38: Bez prodejů | F38: =IF(D38="DASHCLUSTER classic V1",(E38*$L$8)-B38+C38,IF(D38="DASHCLUSTER premium V1",(E38*$P$8)-B38+C38,IF(D38="Bez prodejů",-B38+C38,""))) -> 0
A39: 3. května | D39: Bez prodejů | F39: =IF(D39="DASHCLUSTER classic V1",(E39*$L$8)-B39+C39,IF(D39="DASHCLUSTER premium V1",(E39*$P$8)-B39+C39,IF(D39="Bez prodejů",-B39+C39,""))) -> 0
A40: 4. května | D40: Bez prodejů | F40: =IF(D40="DASHCLUSTER classic V1",(E40*$L$8)-B40+C40,IF(D40="DASHCLUSTER premium V1",(E40*$P$8)-B40+C40,IF(D40="Bez prodejů",-B40+C40,""))) -> 0
A41: 5. května | D41: Bez prodejů | F41: =IF(D41="DASHCLUSTER classic V1",(E41*$L$8)-B41+C41,IF(D41="DASHCLUSTER premium V1",(E41*$P$8)-B41+C41,IF(D41="Bez prodejů",-B41+C41,""))) -> 0
A42: 6. května | D42: Bez prodejů | F42: =IF(D42="DASHCLUSTER classic V1",(E42*$L$8)-B42+C42,IF(D42="DASHCLUSTER premium V1",(E42*$P$8)-B42+C42,IF(D42="Bez prodejů",-B42+C42,""))) -> 0
A43: 7. května | D43: Bez prodejů | F43: =IF(D43="DASHCLUSTER classic V1",(E43*$L$8)-B43+C43,IF(D43="DASHCLUSTER premium V1",(E43*$P$8)-B43+C43,IF(D43="Bez prodejů",-B43+C43,""))) -> 0
A44: 8. května | D44: Bez prodejů | F44: =IF(D44="DASHCLUSTER classic V1",(E44*$L$8)-B44+C44,IF(D44="DASHCLUSTER premium V1",(E44*$P$8)-B44+C44,IF(D44="Bez prodejů",-B44+C44,""))) -> 0
A45: 9. května | D45: Bez prodejů | F45: =IF(D45="DASHCLUSTER classic V1",(E45*$L$8)-B45+C45,IF(D45="DASHCLUSTER premium V1",(E45*$P$8)-B45+C45,IF(D45="Bez prodejů",-B45+C45,""))) -> 0
A46: 10. května | D46: Bez prodejů | F46: =IF(D46="DASHCLUSTER classic V1",(E46*$L$8)-B46+C46,IF(D46="DASHCLUSTER premium V1",(E46*$P$8)-B46+C46,IF(D46="Bez prodejů",-B46+C46,""))) -> 0
A47: 11. května | D47: Bez prodejů | F47: =IF(D47="DASHCLUSTER classic V1",(E47*$L$8)-B47+C47,IF(D47="DASHCLUSTER premium V1",(E47*$P$8)-B47+C47,IF(D47="Bez prodejů",-B47+C47,""))) -> 0
A48: 12. května | D48: Bez prodejů | F48: =IF(D48="DASHCLUSTER classic V1",(E48*$L$8)-B48+C48,IF(D48="DASHCLUSTER premium V1",(E48*$P$8)-B48+C48,IF(D48="Bez prodejů",-B48+C48,""))) -> 0
... A67: 31. května | D67: Bez prodejů | F67: =IF(D67="DASHCLUSTER classic V1",(E67*$L$8)-B67+C67,IF(D67="DASHCLUSTER premium V1",(E67*$P$8)-B67+C67,IF(D67="Bez prodejů",-B67+C67,""))) -> 0
A69: Červen
A70: Den | B70: Jiné výdaje (Kč) | C70: Jiné příjmy (Kč) | D70: Prodeje (vyber) | E70: Prodáno kusů | F70: Výsledek za den
A71: 1. června | D71: Bez prodejů | F71: =IF(D71="DASHCLUSTER classic V1",(E71*$L$8)-B71+C71,IF(D71="DASHCLUSTER premium V1",(E71*$P$8)-B71+C71,IF(D71="Bez prodejů",-B71+C71,""))) -> 0
A72: 2. června | D72: Bez prodejů | F72: =IF(D72="DASHCLUSTER classic V1",(E72*$L$8)-B72+C72,IF(D72="DASHCLUSTER premium V1",(E72*$P$8)-B72+C72,IF(D72="Bez prodejů",-B72+C72,""))) -> 0
A73: 3. června | D73: Bez prodejů | F73: =IF(D73="DASHCLUSTER classic V1",(E73*$L$8)-B73+C73,IF(D73="DASHCLUSTER premium V1",(E73*$P$8)-B73+C73,IF(D73="Bez prodejů",-B73+C73,""))) -> 0
A74: 4. června | D74: Bez prodejů | F74: =IF(D74="DASHCLUSTER classic V1",(E74*$L$8)-B74+C74,IF(D74="DASHCLUSTER premium V1",(E74*$P$8)-B74+C74,IF(D74="Bez prodejů",-B74+C74,""))) -> 0
A75: 5. června | D75: Bez prodejů | F75: =IF(D75="DASHCLUSTER classic V1",(E75*$L$8)-B75+C75,IF(D75="DASHCLUSTER premium V1",(E75*$P$8)-B75+C75,IF(D75="Bez prodejů",-B75+C75,""))) -> 0
A76: 6. června | D76: Bez prodejů | F76: =IF(D76="DASHCLUSTER classic V1",(E76*$L$8)-B76+C76,IF(D76="DASHCLUSTER premium V1",(E76*$P$8)-B76+C76,IF(D76="Bez prodejů",-B76+C76,""))) -> 0
A77: 7. června | D77: Bez prodejů | F77: =IF(D77="DASHCLUSTER classic V1",(E77*$L$8)-B77+C77,IF(D77="DASHCLUSTER premium V1",(E77*$P$8)-B77+C77,IF(D77="Bez prodejů",-B77+C77,""))) -> 0
A78: 8. června | D78: Bez prodejů | F78: =IF(D78="DASHCLUSTER classic V1",(E78*$L$8)-B78+C78,IF(D78="DASHCLUSTER premium V1",(E78*$P$8)-B78+C78,IF(D78="Bez prodejů",-B78+C78,""))) -> 0
A79: 9. června | D79: Bez prodejů | F79: =IF(D79="DASHCLUSTER classic V1",(E79*$L$8)-B79+C79,IF(D79="DASHCLUSTER premium V1",(E79*$P$8)-B79+C79,IF(D79="Bez prodejů",-B79+C79,""))) -> 0
A80: 10. června | D80: Bez prodejů | F80: =IF(D80="DASHCLUSTER classic V1",(E80*$L$8)-B80+C80,IF(D80="DASHCLUSTER premium V1",(E80*$P$8)-B80+C80,IF(D80="Bez prodejů",-B80+C80,""))) -> 0
A81: 11. června | D81: Bez prodejů | F81: =IF(D81="DASHCLUSTER classic V1",(E81*$L$8)-B81+C81,IF(D81="DASHCLUSTER premium V1",(E81*$P$8)-B81+C81,IF(D81="Bez prodejů",-B81+C81,""))) -> 0
A82: 12. června | D82: Bez prodejů | F82: =IF(D82="DASHCLUSTER classic V1",(E82*$L$8)-B82+C82,IF(D82="DASHCLUSTER premium V1",(E82*$P$8)-B82+C82,IF(D82="Bez prodejů",-B82+C82,""))) -> 0
... A100: 30. června | D100: Bez prodejů | F100: =IF(D100="DASHCLUSTER classic V1",(E100*$L$8)-B100+C100,IF(D100="DASHCLUSTER premium V1",(E100*$P$8)-B100+C100,IF(D100="Bez prodejů",-B100+C100,""))) -> 0
A102: Červenec
A103: Den | B103: Jiné výdaje (Kč) | C103: Jiné příjmy (Kč) | D103: Prodeje (vyber) | E103: Prodáno kusů | F103: Výsledek za den
A104: 1. července | D104: Bez prodejů | F104: =IF(D104="DASHCLUSTER classic V1",(E104*$L$8)-B104+C104,IF(D104="DASHCLUSTER premium V1",(E104*$P$8)-B104+C104,IF(D104="Bez prodejů",-B104+C104,""))) -> 0
A105: 2. července | D105: Bez prodejů | F105: =IF(D105="DASHCLUSTER classic V1",(E105*$L$8)-B105+C105,IF(D105="DASHCLUSTER premium V1",(E105*$P$8)-B105+C105,IF(D105="Bez prodejů",-B105+C105,""))) -> 0
A106: 3. července | D106: Bez prodejů | F106: =IF(D106="DASHCLUSTER classic V1",(E106*$L$8)-B106+C106,IF(D106="DASHCLUSTER premium V1",(E106*$P$8)-B106+C106,IF(D106="Bez prodejů",-B106+C106,""))) -> 0
A107: 4. července | D107: Bez prodejů | F107: =IF(D107="DASHCLUSTER classic V1",(E107*$L$8)-B107+C107,IF(D107="DASHCLUSTER premium V1",(E107*$P$8)-B107+C107,IF(D107="Bez prodejů",-B107+C107,""))) -> 0
A108: 5. července | D108: Bez prodejů | F108: =IF(D108="DASHCLUSTER classic V1",(E108*$L$8)-B108+C108,IF(D108="DASHCLUSTER premium V1",(E108*$P$8)-B108+C108,IF(D108="Bez prodejů",-B108+C108,""))) -> 0
A109: 6. července | D109: Bez prodejů | F109: =IF(D109="DASHCLUSTER classic V1",(E109*$L$8)-B109+C109,IF(D109="DASHCLUSTER premium V1",(E109*$P$8)-B109+C109,IF(D109="Bez prodejů",-B109+C109,""))) -> 0
A110: 7. července | D110: Bez prodejů | F110: =IF(D110="DASHCLUSTER classic V1",(E110*$L$8)-B110+C110,IF(D110="DASHCLUSTER premium V1",(E110*$P$8)-B110+C110,IF(D110="Bez prodejů",-B110+C110,""))) -> 0
A111: 8. července | D111: Bez prodejů | F111: =IF(D111="DASHCLUSTER classic V1",(E111*$L$8)-B111+C111,IF(D111="DASHCLUSTER premium V1",(E111*$P$8)-B111+C111,IF(D111="Bez prodejů",-B111+C111,""))) -> 0
A112: 9. července | D112: Bez prodejů | F112: =IF(D112="DASHCLUSTER classic V1",(E112*$L$8)-B112+C112,IF(D112="DASHCLUSTER premium V1",(E112*$P$8)-B112+C112,IF(D112="Bez prodejů",-B112+C112,""))) -> 0
A113: 10. července | D113: Bez prodejů | F113: =IF(D113="DASHCLUSTER classic V1",(E113*$L$8)-B113+C113,IF(D113="DASHCLUSTER premium V1",(E113*$P$8)-B113+C113,IF(D113="Bez prodejů",-B113+C113,""))) -> 0
A114: 11. července | D114: Bez prodejů | F114: =IF(D114="DASHCLUSTER classic V1",(E114*$L$8)-B114+C114,IF(D114="DASHCLUSTER premium V1",(E114*$P$8)-B114+C114,IF(D114="Bez prodejů",-B114+C114,""))) -> 0
A115: 12. července | D115: Bez prodejů | F115: =IF(D115="DASHCLUSTER classic V1",(E115*$L$8)-B115+C115,IF(D115="DASHCLUSTER premium V1",(E115*$P$8)-B115+C115,IF(D115="Bez prodejů",-B115+C115,""))) -> 0
... A134: 31. července | D134: Bez prodejů | F134: =IF(D134="DASHCLUSTER classic V1",(E134*$L$8)-B134+C134,IF(D134="DASHCLUSTER premium V1",(E134*$P$8)-B134+C134,IF(D134="Bez prodejů",-B134+C134,""))) -> 0
A136: Srpen
A137: Den | B137: Jiné výdaje (Kč) | C137: Jiné příjmy (Kč) | D137: Prodeje (vyber) | E137: Prodáno kusů | F137: Výsledek za den
A138: 1. srpna | D138: Bez prodejů | F138: =IF(D138="DASHCLUSTER classic V1",(E138*$L$8)-B138+C138,IF(D138="DASHCLUSTER premium V1",(E138*$P$8)-B138+C138,IF(D138="Bez prodejů",-B138+C138,""))) -> 0
A139: 2. srpna | D139: Bez prodejů | F139: =IF(D139="DASHCLUSTER classic V1",(E139*$L$8)-B139+C139,IF(D139="DASHCLUSTER premium V1",(E139*$P$8)-B139+C139,IF(D139="Bez prodejů",-B139+C139,""))) -> 0
A140: 3. srpna | D140: Bez prodejů | F140: =IF(D140="DASHCLUSTER classic V1",(E140*$L$8)-B140+C140,IF(D140="DASHCLUSTER premium V1",(E140*$P$8)-B140+C140,IF(D140="Bez prodejů",-B140+C140,""))) -> 0
A141: 4. srpna | D141: Bez prodejů | F141: =IF(D141="DASHCLUSTER classic V1",(E141*$L$8)-B141+C141,IF(D141="DASHCLUSTER premium V1",(E141*$P$8)-B141+C141,IF(D141="Bez prodejů",-B141+C141,""))) -> 0
A142: 5. srpna | D142: Bez prodejů | F142: =IF(D142="DASHCLUSTER classic V1",(E142*$L$8)-B142+C142,IF(D142="DASHCLUSTER premium V1",(E142*$P$8)-B142+C142,IF(D142="Bez prodejů",-B142+C142,""))) -> 0
A143: 6. srpna | D143: Bez prodejů | F143: =IF(D143="DASHCLUSTER classic V1",(E143*$L$8)-B143+C143,IF(D143="DASHCLUSTER premium V1",(E143*$P$8)-B143+C143,IF(D143="Bez prodejů",-B143+C143,""))) -> 0
A144: 7. srpna | D144: Bez prodejů | F144: =IF(D144="DASHCLUSTER classic V1",(E144*$L$8)-B144+C144,IF(D144="DASHCLUSTER premium V1",(E144*$P$8)-B144+C144,IF(D144="Bez prodejů",-B144+C144,""))) -> 0
A145: 8. srpna | D145: Bez prodejů | F145: =IF(D145="DASHCLUSTER classic V1",(E145*$L$8)-B145+C145,IF(D145="DASHCLUSTER premium V1",(E145*$P$8)-B145+C145,IF(D145="Bez prodejů",-B145+C145,""))) -> 0
A146: 9. srpna | D146: Bez prodejů | F146: =IF(D146="DASHCLUSTER classic V1",(E146*$L$8)-B146+C146,IF(D146="DASHCLUSTER premium V1",(E146*$P$8)-B146+C146,IF(D146="Bez prodejů",-B146+C146,""))) -> 0
A147: 10. srpna | D147: Bez prodejů | F147: =IF(D147="DASHCLUSTER classic V1",(E147*$L$8)-B147+C147,IF(D147="DASHCLUSTER premium V1",(E147*$P$8)-B147+C147,IF(D147="Bez prodejů",-B147+C147,""))) -> 0
A148: 11. srpna | D148: Bez prodejů | F148: =IF(D148="DASHCLUSTER classic V1",(E148*$L$8)-B148+C148,IF(D148="DASHCLUSTER premium V1",(E148*$P$8)-B148+C148,IF(D148="Bez prodejů",-B148+C148,""))) -> 0
A149: 12. srpna | D149: Bez prodejů | F149: =IF(D149="DASHCLUSTER classic V1",(E149*$L$8)-B149+C149,IF(D149="DASHCLUSTER premium V1",(E149*$P$8)-B149+C149,IF(D149="Bez prodejů",-B149+C149,""))) -> 0
... A168: 31. srpna | D168: Bez prodejů | F168: =IF(D168="DASHCLUSTER classic V1",(E168*$L$8)-B168+C168,IF(D168="DASHCLUSTER premium V1",(E168*$P$8)-B168+C168,IF(D168="Bez prodejů",-B168+C168,""))) -> 0
A170: Září
A171: Den | B171: Jiné výdaje (Kč) | C171: Jiné příjmy (Kč) | D171: Prodeje (vyber) | E171: Prodáno kusů | F171: Výsledek za den
A172: 1 | D172: Bez prodejů | F172: =IF(D172="DASHCLUSTER classic V1",(E172*L176)-B172+C172,IF(D172="DASHCLUSTER premium V1",(E172*P176)-B172+C172,IF(D172="Bez prodejů",-B172+C172,""))) -> 0
A173: 2 | D173: Bez prodejů | F173: =IF(D173="DASHCLUSTER classic V1",(E173*L176)-B173+C173,IF(D173="DASHCLUSTER premium V1",(E173*P176)-B173+C173,IF(D173="Bez prodejů",-B173+C173,""))) -> 0
A174: 3 | D174: Bez prodejů | F174: =IF(D174="DASHCLUSTER classic V1",(E174*L176)-B174+C174,IF(D174="DASHCLUSTER premium V1",(E174*P176)-B174+C174,IF(D174="Bez prodejů",-B174+C174,""))) -> 0
A175: 4 | D175: Bez prodejů | F175: =IF(D175="DASHCLUSTER classic V1",(E175*L176)-B175+C175,IF(D175="DASHCLUSTER premium V1",(E175*P176)-B175+C175,IF(D175="Bez prodejů",-B175+C175,""))) -> 0
...

Sheet Rok 2027
A1: Roční přehled | G1: Dnes je | H1: =TODAY() -> 46157 | J1: Přehled
A2: Duben | G2: Roční shrnutí | J2: DASHCLUSTER classic V1 | N2: DASHCLUSTER premium V1
A3: Den | B3: Jiné výdaje (Kč) | C3: Jiné příjmy (Kč) | D3: Prodeje (vyber) | E3: Prodáno kusů | F3: Výsledek za den | G3: Jiné výdaje | H3: =SUM(B4:B33)+SUM(B37:B67)+SUM(B71:B100)+SUM(B104:B134)+SUM(B138:B168)+SUM(B172:B201)+SUM(B205:B235)+SUM(B239:B268)+SUM(B272:B302) -> 0 | J3: Marže (v %) | L3: ='DASHCLUSTER classic V1'!L2 -> 1.7 | N3: Marže (v %) | P3: ='DASHCLUSTER premium V1'!L2 -> 0.5
A4: 1. dubna | D4: Bez prodejů | F4: =IF(D4="DASHCLUSTER classic V1",(E4*$L$8)-B4+C4,IF(D4="DASHCLUSTER premium V1",(E4*$P$8)-B4+C4,IF(D4="Bez prodejů",-B4+C4,""))) -> 0 | G4: Jiné příjmy | H4: =SUM(C4:C33)+SUM(C37:C67)+SUM(C71:C100)+SUM(C104:C134)+SUM(C138:C168)+SUM(C172:C201)+SUM(C205:C235)+SUM(C239:C268)+SUM(C272:C302) -> 0 | J4: Daň (v %) | L4: ='DASHCLUSTER classic V1'!L3 -> 0.15 | N4: Daň (v %) | P4: ='DASHCLUSTER premium V1'!L3 -> 0.15
A5: 2. dubna | D5: Bez prodejů | F5: =IF(D5="DASHCLUSTER classic V1",(E5*$L$8)-B5+C5,IF(D5="DASHCLUSTER premium V1",(E5*$P$8)-B5+C5,IF(D5="Bez prodejů",-B5+C5,""))) -> 0 | G5: Celkem kusů | H5: =SUM(E4:E33)+SUM(E37:E67)+SUM(E71:E100)+SUM(E104:E134)+SUM(E138:E168)+SUM(E172:E201)+SUM(E205:E235)+SUM(E239:E268)+SUM(E272:E302) -> 0 | J5: Celkové náklady | L5: ='DASHCLUSTER classic V1'!M9 -> 368.55073 | N5: Celkové náklady | P5: ='DASHCLUSTER premium V1'!M9 -> 853.33692
A6: 3. dubna | D6: Bez prodejů | F6: =IF(D6="DASHCLUSTER classic V1",(E6*$L$8)-B6+C6,IF(D6="DASHCLUSTER premium V1",(E6*$P$8)-B6+C6,IF(D6="Bez prodejů",-B6+C6,""))) -> 0 | G6: Celkově čisté | H6: {=SUM((F4:F33)+SUM(F37:F67)+SUM(F71:F100)+SUM(F104:F134)+SUM(F138:F168)+SUM(F172:F201)+SUM(F205:F235)+SUM(F239:F268)+SUM(F272:F302))*(1-L4)} -> 0 | J6: Hrubý výdělek | L6: ='DASHCLUSTER classic V1'!M10 -> 995.08698 | N6: Hrubý výdělek | P6: ='DASHCLUSTER premium V1'!M10 -> 1280.0054
A7: 4. dubna | D7: Bez prodejů | F7: =IF(D7="DASHCLUSTER classic V1",(E7*$L$8)-B7+C7,IF(D7="DASHCLUSTER premium V1",(E7*$P$8)-B7+C7,IF(D7="Bez prodejů",-B7+C7,""))) -> 0 | G7: Celkově /2 | H7: =H6/2 -> 0 | J7: Výdělek bez nákladů | L7: ='DASHCLUSTER classic V1'!M11 -> 630.44927 | N7: Výdělek bez nákladů | P7: ='DASHCLUSTER premium V1'!M11 -> 445.66308
A8: 5. dubna | D8: Bez prodejů | F8: =IF(D8="DASHCLUSTER classic V1",(E8*$L$8)-B8+C8,IF(D8="DASHCLUSTER premium V1",(E8*$P$8)-B8+C8,IF(D8="Bez prodejů",-B8+C8,""))) -> 0 | J8: Čistý výdělek | L8: ='DASHCLUSTER classic V1'!M12 -> 535.88188 | N8: Čistý výdělek | P8: ='DASHCLUSTER premium V1'!M12 -> 378.81362
A9: 6. dubna | D9: Bez prodejů | F9: =IF(D9="DASHCLUSTER classic V1",(E9*$L$8)-B9+C9,IF(D9="DASHCLUSTER premium V1",(E9*$P$8)-B9+C9,IF(D9="Bez prodejů",-B9+C9,""))) -> 0 | J9: Prodejní cena | L9: ='DASHCLUSTER classic V1'!M13 -> 999 | N9: Prodejní cena | P9: ='DASHCLUSTER premium V1'!M13 -> 1299
A10: 7. dubna | D10: Bez prodejů | F10: =IF(D10="DASHCLUSTER classic V1",(E10*$L$8)-B10+C10,IF(D10="DASHCLUSTER premium V1",(E10*$P$8)-B10+C10,IF(D10="Bez prodejů",-B10+C10,""))) -> 0
A11: 8. dubna | D11: Bez prodejů | F11: =IF(D11="DASHCLUSTER classic V1",(E11*$L$8)-B11+C11,IF(D11="DASHCLUSTER premium V1",(E11*$P$8)-B11+C11,IF(D11="Bez prodejů",-B11+C11,""))) -> 0
A12: 9. dubna | D12: Bez prodejů | F12: =IF(D12="DASHCLUSTER classic V1",(E12*$L$8)-B12+C12,IF(D12="DASHCLUSTER premium V1",(E12*$P$8)-B12+C12,IF(D12="Bez prodejů",-B12+C12,""))) -> 0
A13: 10. dubna | D13: Bez prodejů | F13: =IF(D13="DASHCLUSTER classic V1",(E13*$L$8)-B13+C13,IF(D13="DASHCLUSTER premium V1",(E13*$P$8)-B13+C13,IF(D13="Bez prodejů",-B13+C13,""))) -> 0
A14: 11. dubna | D14: Bez prodejů | F14: =IF(D14="DASHCLUSTER classic V1",(E14*$L$8)-B14+C14,IF(D14="DASHCLUSTER premium V1",(E14*$P$8)-B14+C14,IF(D14="Bez prodejů",-B14+C14,""))) -> 0
A15: 12. dubna | D15: Bez prodejů | F15: =IF(D15="DASHCLUSTER classic V1",(E15*$L$8)-B15+C15,IF(D15="DASHCLUSTER premium V1",(E15*$P$8)-B15+C15,IF(D15="Bez prodejů",-B15+C15,""))) -> 0
A16: 13. dubna | D16: Bez prodejů | F16: =IF(D16="DASHCLUSTER classic V1",(E16*$L$8)-B16+C16,IF(D16="DASHCLUSTER premium V1",(E16*$P$8)-B16+C16,IF(D16="Bez prodejů",-B16+C16,""))) -> 0
A17: 14. dubna | D17: Bez prodejů | F17: =IF(D17="DASHCLUSTER classic V1",(E17*$L$8)-B17+C17,IF(D17="DASHCLUSTER premium V1",(E17*$P$8)-B17+C17,IF(D17="Bez prodejů",-B17+C17,""))) -> 0
A18: 15. dubna | D18: Bez prodejů | F18: =IF(D18="DASHCLUSTER classic V1",(E18*$L$8)-B18+C18,IF(D18="DASHCLUSTER premium V1",(E18*$P$8)-B18+C18,IF(D18="Bez prodejů",-B18+C18,""))) -> 0
A19: 16. dubna | D19: Bez prodejů | F19: =IF(D19="DASHCLUSTER classic V1",(E19*$L$8)-B19+C19,IF(D19="DASHCLUSTER premium V1",(E19*$P$8)-B19+C19,IF(D19="Bez prodejů",-B19+C19,""))) -> 0
A20: 17. dubna | D20: Bez prodejů | F20: =IF(D20="DASHCLUSTER classic V1",(E20*$L$8)-B20+C20,IF(D20="DASHCLUSTER premium V1",(E20*$P$8)-B20+C20,IF(D20="Bez prodejů",-B20+C20,""))) -> 0
A21: 18. dubna | D21: Bez prodejů | F21: =IF(D21="DASHCLUSTER classic V1",(E21*$L$8)-B21+C21,IF(D21="DASHCLUSTER premium V1",(E21*$P$8)-B21+C21,IF(D21="Bez prodejů",-B21+C21,""))) -> 0
... A33: 30. dubna | D33: Bez prodejů | F33: =IF(D33="DASHCLUSTER classic V1",(E33*$L$8)-B33+C33,IF(D33="DASHCLUSTER premium V1",(E33*$P$8)-B33+C33,IF(D33="Bez prodejů",-B33+C33,""))) -> 0
A35: Květen
A36: Den | B36: Jiné výdaje (Kč) | C36: Jiné příjmy (Kč) | D36: Prodeje (vyber) | E36: Prodáno kusů | F36: Výsledek za den
A37: 1. května | D37: Bez prodejů | F37: =IF(D37="DASHCLUSTER classic V1",(E37*$L$8)-B37+C37,IF(D37="DASHCLUSTER premium V1",(E37*$P$8)-B37+C37,IF(D37="Bez prodejů",-B37+C37,""))) -> 0
A38: 2. května | D38: Bez prodejů | F38: =IF(D38="DASHCLUSTER classic V1",(E38*$L$8)-B38+C38,IF(D38="DASHCLUSTER premium V1",(E38*$P$8)-B38+C38,IF(D38="Bez prodejů",-B38+C38,""))) -> 0
A39: 3. května | D39: Bez prodejů | F39: =IF(D39="DASHCLUSTER classic V1",(E39*$L$8)-B39+C39,IF(D39="DASHCLUSTER premium V1",(E39*$P$8)-B39+C39,IF(D39="Bez prodejů",-B39+C39,""))) -> 0
A40: 4. května | D40: Bez prodejů | F40: =IF(D40="DASHCLUSTER classic V1",(E40*$L$8)-B40+C40,IF(D40="DASHCLUSTER premium V1",(E40*$P$8)-B40+C40,IF(D40="Bez prodejů",-B40+C40,""))) -> 0
A41: 5. května | D41: Bez prodejů | F41: =IF(D41="DASHCLUSTER classic V1",(E41*$L$8)-B41+C41,IF(D41="DASHCLUSTER premium V1",(E41*$P$8)-B41+C41,IF(D41="Bez prodejů",-B41+C41,""))) -> 0
A42: 6. května | D42: Bez prodejů | F42: =IF(D42="DASHCLUSTER classic V1",(E42*$L$8)-B42+C42,IF(D42="DASHCLUSTER premium V1",(E42*$P$8)-B42+C42,IF(D42="Bez prodejů",-B42+C42,""))) -> 0
A43: 7. května | D43: Bez prodejů | F43: =IF(D43="DASHCLUSTER classic V1",(E43*$L$8)-B43+C43,IF(D43="DASHCLUSTER premium V1",(E43*$P$8)-B43+C43,IF(D43="Bez prodejů",-B43+C43,""))) -> 0
A44: 8. května | D44: Bez prodejů | F44: =IF(D44="DASHCLUSTER classic V1",(E44*$L$8)-B44+C44,IF(D44="DASHCLUSTER premium V1",(E44*$P$8)-B44+C44,IF(D44="Bez prodejů",-B44+C44,""))) -> 0
A45: 9. května | D45: Bez prodejů | F45: =IF(D45="DASHCLUSTER classic V1",(E45*$L$8)-B45+C45,IF(D45="DASHCLUSTER premium V1",(E45*$P$8)-B45+C45,IF(D45="Bez prodejů",-B45+C45,""))) -> 0
A46: 10. května | D46: Bez prodejů | F46: =IF(D46="DASHCLUSTER classic V1",(E46*$L$8)-B46+C46,IF(D46="DASHCLUSTER premium V1",(E46*$P$8)-B46+C46,IF(D46="Bez prodejů",-B46+C46,""))) -> 0
A47: 11. května | D47: Bez prodejů | F47: =IF(D47="DASHCLUSTER classic V1",(E47*$L$8)-B47+C47,IF(D47="DASHCLUSTER premium V1",(E47*$P$8)-B47+C47,IF(D47="Bez prodejů",-B47+C47,""))) -> 0
A48: 12. května | D48: Bez prodejů | F48: =IF(D48="DASHCLUSTER classic V1",(E48*$L$8)-B48+C48,IF(D48="DASHCLUSTER premium V1",(E48*$P$8)-B48+C48,IF(D48="Bez prodejů",-B48+C48,""))) -> 0
... A67: 31. května | D67: Bez prodejů | F67: =IF(D67="DASHCLUSTER classic V1",(E67*$L$8)-B67+C67,IF(D67="DASHCLUSTER premium V1",(E67*$P$8)-B67+C67,IF(D67="Bez prodejů",-B67+C67,""))) -> 0
A69: Červen
A70: Den | B70: Jiné výdaje (Kč) | C70: Jiné příjmy (Kč) | D70: Prodeje (vyber) | E70: Prodáno kusů | F70: Výsledek za den
A71: 1. června | D71: Bez prodejů | F71: =IF(D71="DASHCLUSTER classic V1",(E71*$L$8)-B71+C71,IF(D71="DASHCLUSTER premium V1",(E71*$P$8)-B71+C71,IF(D71="Bez prodejů",-B71+C71,""))) -> 0
A72: 2. června | D72: Bez prodejů | F72: =IF(D72="DASHCLUSTER classic V1",(E72*$L$8)-B72+C72,IF(D72="DASHCLUSTER premium V1",(E72*$P$8)-B72+C72,IF(D72="Bez prodejů",-B72+C72,""))) -> 0
A73: 3. června | D73: Bez prodejů | F73: =IF(D73="DASHCLUSTER classic V1",(E73*$L$8)-B73+C73,IF(D73="DASHCLUSTER premium V1",(E73*$P$8)-B73+C73,IF(D73="Bez prodejů",-B73+C73,""))) -> 0
A74: 4. června | D74: Bez prodejů | F74: =IF(D74="DASHCLUSTER classic V1",(E74*$L$8)-B74+C74,IF(D74="DASHCLUSTER premium V1",(E74*$P$8)-B74+C74,IF(D74="Bez prodejů",-B74+C74,""))) -> 0
A75: 5. června | D75: Bez prodejů | F75: =IF(D75="DASHCLUSTER classic V1",(E75*$L$8)-B75+C75,IF(D75="DASHCLUSTER premium V1",(E75*$P$8)-B75+C75,IF(D75="Bez prodejů",-B75+C75,""))) -> 0
A76: 6. června | D76: Bez prodejů | F76: =IF(D76="DASHCLUSTER classic V1",(E76*$L$8)-B76+C76,IF(D76="DASHCLUSTER premium V1",(E76*$P$8)-B76+C76,IF(D76="Bez prodejů",-B76+C76,""))) -> 0
A77: 7. června | D77: Bez prodejů | F77: =IF(D77="DASHCLUSTER classic V1",(E77*$L$8)-B77+C77,IF(D77="DASHCLUSTER premium V1",(E77*$P$8)-B77+C77,IF(D77="Bez prodejů",-B77+C77,""))) -> 0
A78: 8. června | D78: Bez prodejů | F78: =IF(D78="DASHCLUSTER classic V1",(E78*$L$8)-B78+C78,IF(D78="DASHCLUSTER premium V1",(E78*$P$8)-B78+C78,IF(D78="Bez prodejů",-B78+C78,""))) -> 0
A79: 9. června | D79: Bez prodejů | F79: =IF(D79="DASHCLUSTER classic V1",(E79*$L$8)-B79+C79,IF(D79="DASHCLUSTER premium V1",(E79*$P$8)-B79+C79,IF(D79="Bez prodejů",-B79+C79,""))) -> 0
A80: 10. června | D80: Bez prodejů | F80: =IF(D80="DASHCLUSTER classic V1",(E80*$L$8)-B80+C80,IF(D80="DASHCLUSTER premium V1",(E80*$P$8)-B80+C80,IF(D80="Bez prodejů",-B80+C80,""))) -> 0
A81: 11. června | D81: Bez prodejů | F81: =IF(D81="DASHCLUSTER classic V1",(E81*$L$8)-B81+C81,IF(D81="DASHCLUSTER premium V1",(E81*$P$8)-B81+C81,IF(D81="Bez prodejů",-B81+C81,""))) -> 0
A82: 12. června | D82: Bez prodejů | F82: =IF(D82="DASHCLUSTER classic V1",(E82*$L$8)-B82+C82,IF(D82="DASHCLUSTER premium V1",(E82*$P$8)-B82+C82,IF(D82="Bez prodejů",-B82+C82,""))) -> 0
... A100: 30. června | D100: Bez prodejů | F100: =IF(D100="DASHCLUSTER classic V1",(E100*$L$8)-B100+C100,IF(D100="DASHCLUSTER premium V1",(E100*$P$8)-B100+C100,IF(D100="Bez prodejů",-B100+C100,""))) -> 0
A102: Červenec
A103: Den | B103: Jiné výdaje (Kč) | C103: Jiné příjmy (Kč) | D103: Prodeje (vyber) | E103: Prodáno kusů | F103: Výsledek za den
A104: 1. července | D104: Bez prodejů | F104: =IF(D104="DASHCLUSTER classic V1",(E104*$L$8)-B104+C104,IF(D104="DASHCLUSTER premium V1",(E104*$P$8)-B104+C104,IF(D104="Bez prodejů",-B104+C104,""))) -> 0
A105: 2. července | D105: Bez prodejů | F105: =IF(D105="DASHCLUSTER classic V1",(E105*$L$8)-B105+C105,IF(D105="DASHCLUSTER premium V1",(E105*$P$8)-B105+C105,IF(D105="Bez prodejů",-B105+C105,""))) -> 0
A106: 3. července | D106: Bez prodejů | F106: =IF(D106="DASHCLUSTER classic V1",(E106*$L$8)-B106+C106,IF(D106="DASHCLUSTER premium V1",(E106*$P$8)-B106+C106,IF(D106="Bez prodejů",-B106+C106,""))) -> 0
A107: 4. července | D107: Bez prodejů | F107: =IF(D107="DASHCLUSTER classic V1",(E107*$L$8)-B107+C107,IF(D107="DASHCLUSTER premium V1",(E107*$P$8)-B107+C107,IF(D107="Bez prodejů",-B107+C107,""))) -> 0
A108: 5. července | D108: Bez prodejů | F108: =IF(D108="DASHCLUSTER classic V1",(E108*$L$8)-B108+C108,IF(D108="DASHCLUSTER premium V1",(E108*$P$8)-B108+C108,IF(D108="Bez prodejů",-B108+C108,""))) -> 0
A109: 6. července | D109: Bez prodejů | F109: =IF(D109="DASHCLUSTER classic V1",(E109*$L$8)-B109+C109,IF(D109="DASHCLUSTER premium V1",(E109*$P$8)-B109+C109,IF(D109="Bez prodejů",-B109+C109,""))) -> 0
A110: 7. července | D110: Bez prodejů | F110: =IF(D110="DASHCLUSTER classic V1",(E110*$L$8)-B110+C110,IF(D110="DASHCLUSTER premium V1",(E110*$P$8)-B110+C110,IF(D110="Bez prodejů",-B110+C110,""))) -> 0
A111: 8. července | D111: Bez prodejů | F111: =IF(D111="DASHCLUSTER classic V1",(E111*$L$8)-B111+C111,IF(D111="DASHCLUSTER premium V1",(E111*$P$8)-B111+C111,IF(D111="Bez prodejů",-B111+C111,""))) -> 0
A112: 9. července | D112: Bez prodejů | F112: =IF(D112="DASHCLUSTER classic V1",(E112*$L$8)-B112+C112,IF(D112="DASHCLUSTER premium V1",(E112*$P$8)-B112+C112,IF(D112="Bez prodejů",-B112+C112,""))) -> 0
A113: 10. července | D113: Bez prodejů | F113: =IF(D113="DASHCLUSTER classic V1",(E113*$L$8)-B113+C113,IF(D113="DASHCLUSTER premium V1",(E113*$P$8)-B113+C113,IF(D113="Bez prodejů",-B113+C113,""))) -> 0
A114: 11. července | D114: Bez prodejů | F114: =IF(D114="DASHCLUSTER classic V1",(E114*$L$8)-B114+C114,IF(D114="DASHCLUSTER premium V1",(E114*$P$8)-B114+C114,IF(D114="Bez prodejů",-B114+C114,""))) -> 0
A115: 12. července | D115: Bez prodejů | F115: =IF(D115="DASHCLUSTER classic V1",(E115*$L$8)-B115+C115,IF(D115="DASHCLUSTER premium V1",(E115*$P$8)-B115+C115,IF(D115="Bez prodejů",-B115+C115,""))) -> 0
... A134: 31. července | D134: Bez prodejů | F134: =IF(D134="DASHCLUSTER classic V1",(E134*$L$8)-B134+C134,IF(D134="DASHCLUSTER premium V1",(E134*$P$8)-B134+C134,IF(D134="Bez prodejů",-B134+C134,""))) -> 0
A136: Srpen
A137: Den | B137: Jiné výdaje (Kč) | C137: Jiné příjmy (Kč) | D137: Prodeje (vyber) | E137: Prodáno kusů | F137: Výsledek za den
A138: 1. srpna | D138: Bez prodejů | F138: =IF(D138="DASHCLUSTER classic V1",(E138*$L$8)-B138+C138,IF(D138="DASHCLUSTER premium V1",(E138*$P$8)-B138+C138,IF(D138="Bez prodejů",-B138+C138,""))) -> 0
A139: 2. srpna | D139: Bez prodejů | F139: =IF(D139="DASHCLUSTER classic V1",(E139*$L$8)-B139+C139,IF(D139="DASHCLUSTER premium V1",(E139*$P$8)-B139+C139,IF(D139="Bez prodejů",-B139+C139,""))) -> 0
A140: 3. srpna | D140: Bez prodejů | F140: =IF(D140="DASHCLUSTER classic V1",(E140*$L$8)-B140+C140,IF(D140="DASHCLUSTER premium V1",(E140*$P$8)-B140+C140,IF(D140="Bez prodejů",-B140+C140,""))) -> 0
A141: 4. srpna | D141: Bez prodejů | F141: =IF(D141="DASHCLUSTER classic V1",(E141*$L$8)-B141+C141,IF(D141="DASHCLUSTER premium V1",(E141*$P$8)-B141+C141,IF(D141="Bez prodejů",-B141+C141,""))) -> 0
A142: 5. srpna | D142: Bez prodejů | F142: =IF(D142="DASHCLUSTER classic V1",(E142*$L$8)-B142+C142,IF(D142="DASHCLUSTER premium V1",(E142*$P$8)-B142+C142,IF(D142="Bez prodejů",-B142+C142,""))) -> 0
A143: 6. srpna | D143: Bez prodejů | F143: =IF(D143="DASHCLUSTER classic V1",(E143*$L$8)-B143+C143,IF(D143="DASHCLUSTER premium V1",(E143*$P$8)-B143+C143,IF(D143="Bez prodejů",-B143+C143,""))) -> 0
A144: 7. srpna | D144: Bez prodejů | F144: =IF(D144="DASHCLUSTER classic V1",(E144*$L$8)-B144+C144,IF(D144="DASHCLUSTER premium V1",(E144*$P$8)-B144+C144,IF(D144="Bez prodejů",-B144+C144,""))) -> 0
A145: 8. srpna | D145: Bez prodejů | F145: =IF(D145="DASHCLUSTER classic V1",(E145*$L$8)-B145+C145,IF(D145="DASHCLUSTER premium V1",(E145*$P$8)-B145+C145,IF(D145="Bez prodejů",-B145+C145,""))) -> 0
A146: 9. srpna | D146: Bez prodejů | F146: =IF(D146="DASHCLUSTER classic V1",(E146*$L$8)-B146+C146,IF(D146="DASHCLUSTER premium V1",(E146*$P$8)-B146+C146,IF(D146="Bez prodejů",-B146+C146,""))) -> 0
A147: 10. srpna | D147: Bez prodejů | F147: =IF(D147="DASHCLUSTER classic V1",(E147*$L$8)-B147+C147,IF(D147="DASHCLUSTER premium V1",(E147*$P$8)-B147+C147,IF(D147="Bez prodejů",-B147+C147,""))) -> 0
A148: 11. srpna | D148: Bez prodejů | F148: =IF(D148="DASHCLUSTER classic V1",(E148*$L$8)-B148+C148,IF(D148="DASHCLUSTER premium V1",(E148*$P$8)-B148+C148,IF(D148="Bez prodejů",-B148+C148,""))) -> 0
A149: 12. srpna | D149: Bez prodejů | F149: =IF(D149="DASHCLUSTER classic V1",(E149*$L$8)-B149+C149,IF(D149="DASHCLUSTER premium V1",(E149*$P$8)-B149+C149,IF(D149="Bez prodejů",-B149+C149,""))) -> 0
... A168: 31. srpna | D168: Bez prodejů | F168: =IF(D168="DASHCLUSTER classic V1",(E168*$L$8)-B168+C168,IF(D168="DASHCLUSTER premium V1",(E168*$P$8)-B168+C168,IF(D168="Bez prodejů",-B168+C168,""))) -> 0
A170: Září
A171: Den | B171: Jiné výdaje (Kč) | C171: Jiné příjmy (Kč) | D171: Prodeje (vyber) | E171: Prodáno kusů | F171: Výsledek za den
A172: 1 | D172: Bez prodejů | F172: =IF(D172="DASHCLUSTER classic V1",(E172*L176)-B172+C172,IF(D172="DASHCLUSTER premium V1",(E172*P176)-B172+C172,IF(D172="Bez prodejů",-B172+C172,""))) -> 0
A173: 2 | D173: Bez prodejů | F173: =IF(D173="DASHCLUSTER classic V1",(E173*L176)-B173+C173,IF(D173="DASHCLUSTER premium V1",(E173*P176)-B173+C173,IF(D173="Bez prodejů",-B173+C173,""))) -> 0
A174: 3 | D174: Bez prodejů | F174: =IF(D174="DASHCLUSTER classic V1",(E174*L176)-B174+C174,IF(D174="DASHCLUSTER premium V1",(E174*P176)-B174+C174,IF(D174="Bez prodejů",-B174+C174,""))) -> 0
A175: 4 | D175: Bez prodejů | F175: =IF(D175="DASHCLUSTER classic V1",(E175*L176)-B175+C175,IF(D175="DASHCLUSTER premium V1",(E175*P176)-B175+C175,IF(D175="Bez prodejů",-B175+C175,""))) -> 0
A176: 5 | D176: Bez prodejů | F176: =IF(D176="DASHCLUSTER classic V1",(E176*L176)-B176+C176,IF(D176="DASHCLUSTER premium V1",(E176*P176)-B176+C176,IF(D176="Bez prodejů",-B176+C176,""))) -> 0
A177: 6 | D177: Bez prodejů | F177: =IF(D177="DASHCLUSTER classic V1",(E177*L176)-B177+C177,IF(D177="DASHCLUSTER premium V1",(E177*P176)-B177+C177,IF(D177="Bez prodejů",-B177+C177,""))) -> 0
A178: 7 | D178: Bez prodejů | F178: =IF(D178="DASHCLUSTER classic V1",(E178*L176)-B178+C178,IF(D178="DASHCLUSTER premium V1",(E178*P176)-B178+C178,IF(D178="Bez prodejů",-B178+C178,""))) -> 0
A179: 8 | D179: Bez prodejů | F179: =IF(D179="DASHCLUSTER classic V1",(E179*L176)-B179+C179,IF(D179="DASHCLUSTER premium V1",(E179*P176)-B179+C179,IF(D179="Bez prodejů",-B179+C179,""))) -> 0
A180: 9 | D180: Bez prodejů | F180: =IF(D180="DASHCLUSTER classic V1",(E180*L176)-B180+C180,IF(D180="DASHCLUSTER premium V1",(E180*P176)-B180+C180,IF(D180="Bez prodejů",-B180+C180,""))) -> 0
A181: 10 | D181: Bez prodejů | F181: =IF(D181="DASHCLUSTER classic V1",(E181*L176)-B181+C181,IF(D181="DASHCLUSTER premium V1",(E181*P176)-B181+C181,IF(D181="Bez prodejů",-B181+C181,""))) -> 0
A182: 11 | D182: Bez prodejů | F182: =IF(D182="DASHCLUSTER classic V1",(E182*L176)-B182+C182,IF(D182="DASHCLUSTER premium V1",(E182*P176)-B182+C182,IF(D182="Bez prodejů",-B182+C182,""))) -> 0
A183: 12 | D183: Bez prodejů | F183: =IF(D183="DASHCLUSTER classic V1",(E183*L176)-B183+C183,IF(D183="DASHCLUSTER premium V1",(E183*P176)-B183+C183,IF(D183="Bez prodejů",-B183+C183,""))) -> 0
A184: 13 | D184: Bez prodejů | F184: =IF(D184="DASHCLUSTER classic V1",(E184*L176)-B184+C184,IF(D184="DASHCLUSTER premium V1",(E184*P176)-B184+C184,IF(D184="Bez prodejů",-B184+C184,""))) -> 0
A185: 14 | D185: Bez prodejů | F185: =IF(D185="DASHCLUSTER classic V1",(E185*L176)-B185+C185,IF(D185="DASHCLUSTER premium V1",(E185*P176)-B185+C185,IF(D185="Bez prodejů",-B185+C185,""))) -> 0
A186: 15 | D186: Bez prodejů | F186: =IF(D186="DASHCLUSTER classic V1",(E186*L176)-B186+C186,IF(D186="DASHCLUSTER premium V1",(E186*P176)-B186+C186,IF(D186="Bez prodejů",-B186+C186,""))) -> 0
A187: 16 | D187: Bez prodejů | F187: =IF(D187="DASHCLUSTER classic V1",(E187*L176)-B187+C187,IF(D187="DASHCLUSTER premium V1",(E187*P176)-B187+C187,IF(D187="Bez prodejů",-B187+C187,""))) -> 0
...
